{
  "project_info": {
    "project_number": "456314018466",
    "project_id": "teranga-land-f042a",
    "storage_bucket": "teranga-land-f042a.firebasestorage.app"
  },
  "client": [
    {
      "client_info": {
        "mobilesdk_app_id": "1:456314018466:android:308f34e6d8881705b995fb",
        "android_client_info": {
          "package_name": "com.example.teranga_land"
        }
      },
      "oauth_client": [],
      "api_key": [
        {
          "current_key": "AIzaSyC1LbEUMJP-utMDfvjxowL-Uii12xuDZoc"
        }
      ],
      "services": {
        "appinvite_service": {
          "other_platform_oauth_client": []
        }
      }
    }
  ],
  "configuration_version": "1"
}